willof,will of
bamboosever,bamboosever
claimcompensation,claim compensation
lesseef,lessee
bushiness,business
faultless,fault less
faultless,fault less
ownerless,owner less
peroperty,property
mustl,must
thenceforward,thenceforward
thenceforward,thenceforward
thenceforward,thenceforward
thenceforward,thenceforward
pledgors,pledgor
pledgors,pledgor
acrtions,actions
gurdian,guardian
guardinaship,guardianship
jusistic,juristic
recieves,receives
paricular,particular
eigther,either
rarification,ratification
rescined,rescinded
konw,know
authorigy,authority
jusistic,juristic
howver,however
thenceforward,thenceforward
aquired,acquired
faultless,fault less
aquired,acquired
movalbe,movable
aquire,acquire
unknowlegde,unknowlegde
aquire,acquire
thenceforward,thenceforward
b'movable,removable
thenceforward,thenceforward
thenceforward,thenceforward
exercing,exerting
supercify,specify
supercify,specify
porson,person
commnecement,commencement
motgaged,mortgaged
negotigable,negotiable
negotigable,negotiable
revolvoing,revolving
perioical,periodical
proparty,property
specail,special
extand,extend
exection,election
exection,election
simutaneous,simultaneous
perfomance,performance
priciple,principle
pledgors,pledgor
pressupose,presuppose
obligortime,obligor time
landownership,land ownership
movablemovablemovable,movablemovablemovable
kimono,kimono
rescuer,rescuer
kimono,kimono
employerprior,employer prior
supervisionof,supervision of
mortgager,mortgage
rescindthe,rescind the
rescindthe,rescind the
faraway,faraway
faultless,fault less
apacity,capacity
rescindes,rescinded
faultless,fault less
faultless,fault less
movavle,movable
registraiton,registration
wavied,waved
wavied,waved
anavoidable,unavoidable
ratificatoin,ratification
sases,sase
borrowes,borrowed
borrowes,borrowed
aeven,even
gurantee,guarantee
performancehe,performance he
obligeethe,obligee the
depositedhe,deposited
performancethe,performance the
morgage,mortgage
sellerif,seller if
amountit,amount it
usehe,she
ealier,earlier
interestof,interest of
vicitm,victim
divorceeven,divorce even
derermine,determine
opend,open
possesor,possessor
possessionhe,possession he
ofhe,of he
fruitshe,fruits
faked,faked
satutory,statutory
privetely,privately
faultless,fault less
recieve,receive
sublesee,sublease
guarian,guardian
disinherit,disinherit
disinherit,disinherit
deminant,dominant
faultless,fault less
contructs,contracts
builidng,building
perties,parties
perties,parties
resposible,responsible
olny,only
silbings,siblings
decendent,dependent
